{
  "source_used": "ucimlrepo",
  "n_samples": 178,
  "n_features_out": 10,
  "original_feature_names": [
    "Alcohol",
    "Malicacid",
    "Ash",
    "Alcalinity_of_ash",
    "Magnesium",
    "Total_phenols",
    "Flavanoids",
    "Nonflavanoid_phenols",
    "Proanthocyanins",
    "Color_intensity",
    "Hue",
    "OD280_OD315_of_diluted_wines",
    "Proline"
  ],
  "label_mapping": {
    "mapping": {
      "1": 0,
      "2": 1,
      "3": 2
    },
    "note": "remapped labels to 0..K-1 in sorted order",
    "classes_sorted": [
      1,
      2,
      3
    ]
  },
  "scaler_meta": {
    "scaler": "StandardScaler",
    "mean_": [
      13.00061797752809,
      2.3363483146067416,
      2.3665168539325845,
      19.49494382022472,
      99.74157303370787,
      2.295112359550562,
      2.0292696629213487,
      0.3618539325842696,
      1.5908988764044945,
      5.058089882022472,
      0.9574494382022471,
      2.6116853932584267,
      746.8932584269663
    ],
    "scale_": [
      0.8095429145285168,
      1.1140036269797893,
      0.27357229442643255,
      3.3301697576582128,
      14.242307673359806,
      0.6240905641965369,
      0.996048950379233,
      0.12410325988364795,
      0.5707488486199379,
      2.3117646609525573,
      0.22792860656507252,
      0.7079932646716005,
      314.0216568419878
    ],
    "n_features_in_": 13
  },
  "pca_meta": {
    "pca": "sklearn.decomposition.PCA",
    "n_components_": 10,
    "explained_variance_ratio_": [
      0.3619884809992633,
      0.1920749025700895,
      0.11123630536249991,
      0.07069030182714027,
      0.065632936796486,
      0.049358233192225695,
      0.042386793226233135,
      0.026807489483788628,
      0.022221534047897135,
      0.01930019093944079
    ],
    "singular_values_": [
      28.94203422415735,
      21.082251410776486,
      16.04371561106793,
      12.78973644873117,
      12.323741953930577,
      10.687139542778052,
      9.903688177921572,
      7.8760733024450005,
      7.170817930113271,
      6.68286179969824
    ]
  }
}